name,tag,date
ʙᴀɪᴀɴɪɴ,#P9CJ88C2Y,2023-07-17
theus ZK,#CJR9PPQV8,2023-08-14
ŅƏPHÝ,#JP8RYRY82,2023-08-14
..,#L99VGQ29R,2023-09-04
Rothzeras,#VQLJ090PR,2023-10-02
Brt0_,#UUV0J9PL,2023-10-02
Roger,#292G9JJP,2023-10-16
NICK PRA Q,#Y29GL9VY9,2023-10-16
Marcos ribeiro,#Q8RGJCGPL,2023-10-16
ŅƏPHÝ,#JP8RYRY82,2023-10-16
Roger,#292G9JJP,2023-10-16
NICK PRA Q,#Y29GL9VY9,2023-10-16
Marcos ribeiro,#Q8RGJCGPL,2023-10-16
ŅƏPHÝ,#JP8RYRY82,2023-10-16
Roger,#292G9JJP,2023-10-23
NICK PRA Q,#Y29GL9VY9,2023-10-23
Gui Antunes,#8PQJ0U88,2023-10-23
HIGOR_BLINDÃO,#2RCPCYYY2,2023-10-23
ŅƏPHÝ,#JP8RYRY82,2023-10-23
Mortadelo,#L99VGQ29R,2023-10-23
Lapelosi 1,#Q9CYYGVR0,2023-10-23
Rodrigo,#9G8CLQUGP,2023-10-23
Roger,#292G9JJP,2023-10-30
NICK PRA Q,#Y29GL9VY9,2023-10-30
ŅƏPHÝ,#JP8RYRY82,2023-10-30
Mortadelo,#L99VGQ29R,2023-10-30
Renatorp93,#YJJ9QVJJ9,2023-10-30
Juliano,#8J0LRRJ9C,2023-10-30
Roger,#292G9JJP,2023-10-30
NICK PRA Q,#Y29GL9VY9,2023-10-30
ŅƏPHÝ,#JP8RYRY82,2023-10-30
Mortadelo,#L99VGQ29R,2023-10-30
Renatorp93,#YJJ9QVJJ9,2023-10-30
Juliano,#8J0LRRJ9C,2023-10-30
Roger,#292G9JJP,2023-10-30
NICK PRA Q,#Y29GL9VY9,2023-10-30
ŅƏPHÝ,#JP8RYRY82,2023-10-30
Mortadelo,#L99VGQ29R,2023-10-30
Renatorp93,#YJJ9QVJJ9,2023-10-30
Juliano,#8J0LRRJ9C,2023-10-30
Mary,#PC0QV890Q,2023-10-30
Roger,#292G9JJP,2023-10-30
NICK PRA Q,#Y29GL9VY9,2023-10-30
ŅƏPHÝ,#JP8RYRY82,2023-10-30
Mortadelo,#L99VGQ29R,2023-10-30
Renatorp93,#YJJ9QVJJ9,2023-10-30
Juliano,#8J0LRRJ9C,2023-10-30
Mary,#PC0QV890Q,2023-10-30
Roger,#292G9JJP,2023-10-30
NICK PRA Q,#Y29GL9VY9,2023-10-30
ŅƏPHÝ,#JP8RYRY82,2023-10-30
Mortadelo,#L99VGQ29R,2023-10-30
Renatorp93,#YJJ9QVJJ9,2023-10-30
Juliano,#8J0LRRJ9C,2023-10-30
Mary,#PC0QV890Q,2023-10-30
Roger,#292G9JJP,2023-10-30
NICK PRA Q,#Y29GL9VY9,2023-10-30
ŅƏPHÝ,#JP8RYRY82,2023-10-30
Mortadelo,#L99VGQ29R,2023-10-30
Renatorp93,#YJJ9QVJJ9,2023-10-30
Juliano,#8J0LRRJ9C,2023-10-30
